Datetime,Water Level (m)
2025-12-01 12:00:00,0.6023732
2025-12-01 13:00:00,0.5388664
2025-12-01 14:00:00,0.34308624
2025-12-01 15:00:00,0.056866784
2025-12-01 16:00:00,-0.24959165
2025-12-01 17:00:00,-0.48182905
2025-12-01 18:00:00,-0.5878347
2025-12-01 19:00:00,-0.5397622
2025-12-01 20:00:00,-0.34661594
2025-12-01 21:00:00,-0.06673299
2025-12-01 22:00:00,0.2208228
2025-12-01 23:00:00,0.42142397
2025-12-02 00:00:00,0.48179406
2025-12-02 01:00:00,0.4006365
2025-12-02 02:00:00,0.16801581
2025-12-02 03:00:00,-0.16770378
2025-12-02 04:00:00,-0.5191221
2025-12-02 05:00:00,-0.7960836
2025-12-02 06:00:00,-0.93248516
2025-12-02 07:00:00,-0.8866423
2025-12-02 08:00:00,-0.6578663
2025-12-02 09:00:00,-0.28842977
2025-12-02 10:00:00,0.12069692
2025-12-02 11:00:00,0.4793241
2025-12-02 12:00:00,0.7101627
2025-12-02 13:00:00,0.7646661
2025-12-02 14:00:00,0.64629954
2025-12-02 15:00:00,0.37583724
2025-12-02 16:00:00,0.011704425
2025-12-02 17:00:00,-0.34006846
2025-12-02 18:00:00,-0.6029094
2025-12-02 19:00:00,-0.71466213
2025-12-02 20:00:00,-0.6473887
2025-12-02 21:00:00,-0.41132006
2025-12-02 22:00:00,-0.08708991
2025-12-02 23:00:00,0.23393182
2025-12-03 00:00:00,0.45260715
2025-12-03 01:00:00,0.5126746
2025-12-03 02:00:00,0.39578828
2025-12-03 03:00:00,0.10842875
2025-12-03 04:00:00,-0.2775801
2025-12-03 05:00:00,-0.66256744
2025-12-03 06:00:00,-0.94107735
2025-12-03 07:00:00,-1.0578285
2025-12-03 08:00:00,-0.95458955
2025-12-03 09:00:00,-0.6627259
2025-12-03 10:00:00,-0.2351104
2025-12-03 11:00:00,0.21408032
2025-12-03 12:00:00,0.594548
2025-12-03 13:00:00,0.82776904
2025-12-03 14:00:00,0.85135967
2025-12-03 15:00:00,0.6774825
2025-12-03 16:00:00,0.3457936
2025-12-03 17:00:00,-0.07617257
2025-12-03 18:00:00,-0.47126386
2025-12-03 19:00:00,-0.75064486
2025-12-03 20:00:00,-0.85268205
2025-12-03 21:00:00,-0.73730934
2025-12-03 22:00:00,-0.449838
2025-12-03 23:00:00,-0.08020763
2025-12-04 00:00:00,0.25384697
2025-12-04 01:00:00,0.470199
2025-12-04 02:00:00,0.50374806
2025-12-04 03:00:00,0.3398186
2025-12-04 04:00:00,0.013825732
2025-12-04 05:00:00,-0.39126527
2025-12-04 06:00:00,-0.7737762
2025-12-04 07:00:00,-1.0398682
2025-12-04 08:00:00,-1.1143371
2025-12-04 09:00:00,-0.96533585
2025-12-04 10:00:00,-0.62318355
2025-12-04 11:00:00,-0.15993884
2025-12-04 12:00:00,0.31819344
2025-12-04 13:00:00,0.70735043
2025-12-04 14:00:00,0.9160416
2025-12-04 15:00:00,0.8918816
2025-12-04 16:00:00,0.65974236
2025-12-04 17:00:00,0.26874828
2025-12-04 18:00:00,-0.19394161
2025-12-04 19:00:00,-0.60517395
2025-12-04 20:00:00,-0.88274056
2025-12-04 21:00:00,-0.94173455
2025-12-04 22:00:00,-0.7694108
2025-12-04 23:00:00,-0.450297
2025-12-05 00:00:00,-0.061392333
2025-12-05 01:00:00,0.27577245
2025-12-05 02:00:00,0.47441122
2025-12-05 03:00:00,0.47113082
2025-12-05 04:00:00,0.2706187
2025-12-05 05:00:00,-0.07930757
2025-12-05 06:00:00,-0.48491478
2025-12-05 07:00:00,-0.8598675
2025-12-05 08:00:00,-1.0854433
2025-12-05 09:00:00,-1.1127435
2025-12-05 10:00:00,-0.913314
2025-12-05 11:00:00,-0.53374356
2025-12-05 12:00:00,-0.042394128
2025-12-05 13:00:00,0.44491312
2025-12-05 14:00:00,0.80697966
2025-12-05 15:00:00,0.9721254
2025-12-05 16:00:00,0.8891852
2025-12-05 17:00:00,0.5998398
2025-12-05 18:00:00,0.1686435
2025-12-05 19:00:00,-0.3054182
2025-12-05 20:00:00,-0.7144197
2025-12-05 21:00:00,-0.94853264
2025-12-05 22:00:00,-0.961463
2025-12-05 23:00:00,-0.7590184
2025-12-06 00:00:00,-0.41514468
2025-12-06 01:00:00,-0.019565884
2025-12-06 02:00:00,0.30128843
2025-12-06 03:00:00,0.46812588
2025-12-06 04:00:00,0.42084
2025-12-06 05:00:00,0.19405547
2025-12-06 06:00:00,-0.16074295
2025-12-06 07:00:00,-0.5618082
2025-12-06 08:00:00,-0.90020794
2025-12-06 09:00:00,-1.084875
2025-12-06 10:00:00,-1.061042
2025-12-06 11:00:00,-0.8208218
2025-12-06 12:00:00,-0.416844
2025-12-06 13:00:00,0.07861776
2025-12-06 14:00:00,0.53952587
2025-12-06 15:00:00,0.85029316
2025-12-06 16:00:00,0.94269055
2025-12-06 17:00:00,0.812748
2025-12-06 18:00:00,0.48598346
2025-12-06 19:00:00,0.03961062
2025-12-06 20:00:00,-0.42563096
2025-12-06 21:00:00,-0.7891228
2025-12-06 22:00:00,-0.96694124
2025-12-06 23:00:00,-0.933817
2025-12-07 00:00:00,-0.7073727
2025-12-07 01:00:00,-0.3565149
2025-12-07 02:00:00,0.017765315
2025-12-07 03:00:00,0.3034401
2025-12-07 04:00:00,0.4183861
2025-12-07 05:00:00,0.3437778
2025-12-07 06:00:00,0.11930962
2025-12-07 07:00:00,-0.22650349
2025-12-07 08:00:00,-0.5924746
2025-12-07 09:00:00,-0.8817421
2025-12-07 10:00:00,-1.0200272
2025-12-07 11:00:00,-0.9629362
2025-12-07 12:00:00,-0.70620334
